{"text": " lure him with fabulous gains, then attack. You hold the cards.", "segments": [{"id": 0, "seek": 0, "start": 0.0, "end": 3.8000000000000003, "text": " lure him with fabulous gains, then attack.", "tokens": [50364, 32350, 796, 365, 17692, 16823, 11, 550, 2690, 13, 50554], "temperature": 0.0, "avg_logprob": -0.3579903652793483, "compression_ratio": 0.9393939393939394, "no_speech_prob": 0.007334788329899311}, {"id": 1, "seek": 0, "start": 3.8000000000000003, "end": 5.4, "text": " You hold the cards.", "tokens": [50554, 509, 1797, 264, 5632, 13, 50634], "temperature": 0.0, "avg_logprob": -0.3579903652793483, "compression_ratio": 0.9393939393939394, "no_speech_prob": 0.007334788329899311}], "language": "en"}