{"text": " No, I'm not gonna do it now, let's see how it goes.", "segments": [{"id": 0, "seek": 0, "start": 0.0, "end": 4.0, "text": " No, I'm not gonna do it now, let's see how it goes.", "tokens": [50364, 883, 11, 286, 478, 406, 799, 360, 309, 586, 11, 718, 311, 536, 577, 309, 1709, 13, 50564], "temperature": 0.0, "avg_logprob": -0.960826301574707, "compression_ratio": 0.9272727272727272, "no_speech_prob": 0.1458500623703003}], "language": "en"}