{"text": " I am a testing noise case, can't you listen if it's a lot of whispered. I am adding a source on the background noise here.", "segments": [{"id": 0, "seek": 0, "start": 0.0, "end": 5.0, "text": " I am a testing noise case, can't you listen if it's a lot of whispered.", "tokens": [50364, 286, 669, 257, 4997, 5658, 1389, 11, 393, 380, 291, 2140, 498, 309, 311, 257, 688, 295, 26018, 292, 13, 50614], "temperature": 0.0, "avg_logprob": -0.7645395067003038, "compression_ratio": 1.196078431372549, "no_speech_prob": 0.158232182264328}, {"id": 1, "seek": 0, "start": 5.0, "end": 8.0, "text": " I am adding a source on the background noise here.", "tokens": [50614, 286, 669, 5127, 257, 4009, 322, 264, 3678, 5658, 510, 13, 50764], "temperature": 0.0, "avg_logprob": -0.7645395067003038, "compression_ratio": 1.196078431372549, "no_speech_prob": 0.158232182264328}], "language": "en"}